Workbook

Sheet Raw Data
A1: Emp_id | B1: First Name | C1: Last name | D1: Depart | E1: Required Proficiency | F1: Current Proficiency | G1: Productivity Risk Score | H1: Affected Skill Count
A2: 1 | B2: =_xlfn.XLOOKUP(A2,[1]Emps!$A$2:$A$12,[1]Emps!$B$2:$B$12,"Not Found") -> Robert | C2: =_xlfn.XLOOKUP(A2,[1]Emps!$A$2:$A$12,[1]Emps!$C$2:$C$12,"Not Found") -> John | D2: =_xlfn.XLOOKUP(A2,[1]Emps!$A$2:$A$12,[1]Emps!$D$2:$D$12,"Not Found") -> Marketing | E2: =_xlfn.XLOOKUP(A2,[1]Emp_skills!$J$2:$J$12,[1]Emp_skills!$L$2:$L$12,"Not Found") -> 5 | F2: =_xlfn.XLOOKUP(A2,[1]Emp_skills!$J$2:$J$12,[1]Emp_skills!$M$2:$M$12,"Not Found") -> 4 | G2: =SUM(E2-F2) -> 1 | H2: =IF(G2>0,1,0) -> 1
A3: 2 | B3: =_xlfn.XLOOKUP(A3,[1]Emps!$A$2:$A$12,[1]Emps!$B$2:$B$12,"Not Found") -> Sam | C3: =_xlfn.XLOOKUP(A3,[1]Emps!$A$2:$A$12,[1]Emps!$C$2:$C$12,"Not Found") -> Tom | D3: =_xlfn.XLOOKUP(A3,[1]Emps!$A$2:$A$12,[1]Emps!$D$2:$D$12,"Not Found") -> IT | E3: =_xlfn.XLOOKUP(A3,[1]Emp_skills!$J$2:$J$12,[1]Emp_skills!$L$2:$L$12,"Not Found") -> 5 | F3: =_xlfn.XLOOKUP(A3,[1]Emp_skills!$J$2:$J$12,[1]Emp_skills!$M$2:$M$12,"Not Found") -> 4 | G3: =SUM(E3-F3) -> 1 | H3: =IF(G3>0,1,0) -> 1
A4: 3 | B4: =_xlfn.XLOOKUP(A4,[1]Emps!$A$2:$A$12,[1]Emps!$B$2:$B$12,"Not Found") -> Sherly | C4: =_xlfn.XLOOKUP(A4,[1]Emps!$A$2:$A$12,[1]Emps!$C$2:$C$12,"Not Found") -> Nick | D4: =_xlfn.XLOOKUP(A4,[1]Emps!$A$2:$A$12,[1]Emps!$D$2:$D$12,"Not Found") -> Ecommerece | E4: =_xlfn.XLOOKUP(A4,[1]Emp_skills!$J$2:$J$12,[1]Emp_skills!$L$2:$L$12,"Not Found") -> 5 | F4: =_xlfn.XLOOKUP(A4,[1]Emp_skills!$J$2:$J$12,[1]Emp_skills!$M$2:$M$12,"Not Found") -> 3 | G4: =SUM(E4-F4) -> 2 | H4: =IF(G4>0,1,0) -> 1
A5: 4 | B5: =_xlfn.XLOOKUP(A5,[1]Emps!$A$2:$A$12,[1]Emps!$B$2:$B$12,"Not Found") -> Chandler | C5: =_xlfn.XLOOKUP(A5,[1]Emps!$A$2:$A$12,[1]Emps!$C$2:$C$12,"Not Found") -> Bing | D5: =_xlfn.XLOOKUP(A5,[1]Emps!$A$2:$A$12,[1]Emps!$D$2:$D$12,"Not Found") -> Cyber | E5: =_xlfn.XLOOKUP(A5,[1]Emp_skills!$J$2:$J$12,[1]Emp_skills!$L$2:$L$12,"Not Found") -> 5 | F5: =_xlfn.XLOOKUP(A5,[1]Emp_skills!$J$2:$J$12,[1]Emp_skills!$M$2:$M$12,"Not Found") -> 3 | G5: =SUM(E5-F5) -> 2 | H5: =IF(G5>0,1,0) -> 1
A6: 5 | B6: =_xlfn.XLOOKUP(A6,[1]Emps!$A$2:$A$12,[1]Emps!$B$2:$B$12,"Not Found") -> Chi | C6: =_xlfn.XLOOKUP(A6,[1]Emps!$A$2:$A$12,[1]Emps!$C$2:$C$12,"Not Found") -> Ling | D6: =_xlfn.XLOOKUP(A6,[1]Emps!$A$2:$A$12,[1]Emps!$D$2:$D$12,"Not Found") -> Admin | E6: =_xlfn.XLOOKUP(A6,[1]Emp_skills!$J$2:$J$12,[1]Emp_skills!$L$2:$L$12,"Not Found") -> 5 | F6: =_xlfn.XLOOKUP(A6,[1]Emp_skills!$J$2:$J$12,[1]Emp_skills!$M$2:$M$12,"Not Found") -> 2 | G6: =SUM(E6-F6) -> 3 | H6: =IF(G6>0,1,0) -> 1
A7: 6 | B7: =_xlfn.XLOOKUP(A7,[1]Emps!$A$2:$A$12,[1]Emps!$B$2:$B$12,"Not Found") -> Max | C7: =_xlfn.XLOOKUP(A7,[1]Emps!$A$2:$A$12,[1]Emps!$C$2:$C$12,"Not Found") -> Johnson | D7: =_xlfn.XLOOKUP(A7,[1]Emps!$A$2:$A$12,[1]Emps!$D$2:$D$12,"Not Found") -> Support | E7: =_xlfn.XLOOKUP(A7,[1]Emp_skills!$J$2:$J$12,[1]Emp_skills!$L$2:$L$12,"Not Found") -> 5 | F7: =_xlfn.XLOOKUP(A7,[1]Emp_skills!$J$2:$J$12,[1]Emp_skills!$M$2:$M$12,"Not Found") -> 1 | G7: =SUM(E7-F7) -> 4 | H7: =IF(G7>0,1,0) -> 1
A8: 7 | B8: =_xlfn.XLOOKUP(A8,[1]Emps!$A$2:$A$12,[1]Emps!$B$2:$B$12,"Not Found") -> Monica | C8: =_xlfn.XLOOKUP(A8,[1]Emps!$A$2:$A$12,[1]Emps!$C$2:$C$12,"Not Found") -> Gellered | D8: =_xlfn.XLOOKUP(A8,[1]Emps!$A$2:$A$12,[1]Emps!$D$2:$D$12,"Not Found") -> Food | E8: =_xlfn.XLOOKUP(A8,[1]Emp_skills!$J$2:$J$12,[1]Emp_skills!$L$2:$L$12,"Not Found") -> 5 | F8: =_xlfn.XLOOKUP(A8,[1]Emp_skills!$J$2:$J$12,[1]Emp_skills!$M$2:$M$12,"Not Found") -> 2 | G8: =SUM(E8-F8) -> 3 | H8: =IF(G8>0,1,0) -> 1
A9: 8 | B9: =_xlfn.XLOOKUP(A9,[1]Emps!$A$2:$A$12,[1]Emps!$B$2:$B$12,"Not Found") -> Alice | C9: =_xlfn.XLOOKUP(A9,[1]Emps!$A$2:$A$12,[1]Emps!$C$2:$C$12,"Not Found") -> W | D9: =_xlfn.XLOOKUP(A9,[1]Emps!$A$2:$A$12,[1]Emps!$D$2:$D$12,"Not Found") -> Sales | E9: =_xlfn.XLOOKUP(A9,[1]Emp_skills!$J$2:$J$12,[1]Emp_skills!$L$2:$L$12,"Not Found") -> 5 | F9: =_xlfn.XLOOKUP(A9,[1]Emp_skills!$J$2:$J$12,[1]Emp_skills!$M$2:$M$12,"Not Found") -> 3 | G9: =SUM(E9-F9) -> 2 | H9: =IF(G9>0,1,0) -> 1
A10: 9 | B10: =_xlfn.XLOOKUP(A10,[1]Emps!$A$2:$A$12,[1]Emps!$B$2:$B$12,"Not Found") -> Carol | C10: =_xlfn.XLOOKUP(A10,[1]Emps!$A$2:$A$12,[1]Emps!$C$2:$C$12,"Not Found") -> Davis | D10: =_xlfn.XLOOKUP(A10,[1]Emps!$A$2:$A$12,[1]Emps!$D$2:$D$12,"Not Found") -> Finance | E10: =_xlfn.XLOOKUP(A10,[1]Emp_skills!$J$2:$J$12,[1]Emp_skills!$L$2:$L$12,"Not Found") -> 5 | F10: =_xlfn.XLOOKUP(A10,[1]Emp_skills!$J$2:$J$12,[1]Emp_skills!$M$2:$M$12,"Not Found") -> 4 | G10: =SUM(E10-F10) -> 1 | H10: =IF(G10>0,1,0) -> 1
A11: 10 | B11: =_xlfn.XLOOKUP(A11,[1]Emps!$A$2:$A$12,[1]Emps!$B$2:$B$12,"Not Found") -> Emily | C11: =_xlfn.XLOOKUP(A11,[1]Emps!$A$2:$A$12,[1]Emps!$C$2:$C$12,"Not Found") -> Wilson | D11: =_xlfn.XLOOKUP(A11,[1]Emps!$A$2:$A$12,[1]Emps!$D$2:$D$12,"Not Found") -> Product Development | E11: =_xlfn.XLOOKUP(A11,[1]Emp_skills!$J$2:$J$12,[1]Emp_skills!$L$2:$L$12,"Not Found") -> 5 | F11: =_xlfn.XLOOKUP(A11,[1]Emp_skills!$J$2:$J$12,[1]Emp_skills!$M$2:$M$12,"Not Found") -> 3 | G11: =SUM(E11-F11) -> 2 | H11: =IF(G11>0,1,0) -> 1
A12: 11 | B12: =_xlfn.XLOOKUP(A12,[1]Emps!$A$2:$A$12,[1]Emps!$B$2:$B$12,"Not Found") -> Ronny | C12: =_xlfn.XLOOKUP(A12,[1]Emps!$A$2:$A$12,[1]Emps!$C$2:$C$12,"Not Found") -> Chan | D12: =_xlfn.XLOOKUP(A12,[1]Emps!$A$2:$A$12,[1]Emps!$D$2:$D$12,"Not Found") -> Artifical Intelligence | E12: =_xlfn.XLOOKUP(A12,[1]Emp_skills!$J$2:$J$12,[1]Emp_skills!$L$2:$L$12,"Not Found") -> 5 | F12: =_xlfn.XLOOKUP(A12,[1]Emp_skills!$J$2:$J$12,[1]Emp_skills!$M$2:$M$12,"Not Found") -> 3 | G12: =SUM(E12-F12) -> 2 | H12: =IF(G12>0,1,0) -> 1

Sheet Productivity_Risk_Analysis
A1: First Name | B1: (All)
A3: High_Risk IDS | B3: Productivity Risk Score | C3: Sum of Affected Skill Count | D3: First Name | E3: Last Name | F3: Depart
A4: 11 | B4: 2 | C4: 1 | D4: =_xlfn.XLOOKUP(A4,'Raw Data'!A2:A12,'Raw Data'!B2:B12) -> Ronny | E4: =_xlfn.XLOOKUP(A4,'Raw Data'!A2:A12,'Raw Data'!C2:C12) -> Chan | F4: =_xlfn.XLOOKUP(A4,'Raw Data'!A2:A12,'Raw Data'!D2:D12) -> Artifical Intelligence
A5: 10 | B5: 2 | C5: 1 | D5: =_xlfn.XLOOKUP(A5,'Raw Data'!A3:A13,'Raw Data'!B3:B13) -> Emily | E5: =_xlfn.XLOOKUP(A5,'Raw Data'!A3:A13,'Raw Data'!C3:C13) -> Wilson | F5: =_xlfn.XLOOKUP(A5,'Raw Data'!A3:A13,'Raw Data'!D3:D13) -> Product Development
A6: 9 | B6: 1 | C6: 1 | D6: =_xlfn.XLOOKUP(A6,'Raw Data'!A4:A14,'Raw Data'!B4:B14) -> Carol | E6: =_xlfn.XLOOKUP(A6,'Raw Data'!A4:A14,'Raw Data'!C4:C14) -> Davis | F6: =_xlfn.XLOOKUP(A6,'Raw Data'!A4:A14,'Raw Data'!D4:D14) -> Finance
A7: 8 | B7: 2 | C7: 1 | D7: =_xlfn.XLOOKUP(A7,'Raw Data'!A5:A15,'Raw Data'!B5:B15) -> Alice | E7: =_xlfn.XLOOKUP(A7,'Raw Data'!A5:A15,'Raw Data'!C5:C15) -> W | F7: =_xlfn.XLOOKUP(A7,'Raw Data'!A5:A15,'Raw Data'!D5:D15) -> Sales
A8: 7 | B8: 3 | C8: 1 | D8: =_xlfn.XLOOKUP(A8,'Raw Data'!A6:A16,'Raw Data'!B6:B16) -> Monica | E8: =_xlfn.XLOOKUP(A8,'Raw Data'!A6:A16,'Raw Data'!C6:C16) -> Gellered | F8: =_xlfn.XLOOKUP(A8,'Raw Data'!A6:A16,'Raw Data'!D6:D16) -> Food
A9: 6 | B9: 4 | C9: 1 | D9: =_xlfn.XLOOKUP(A9,'Raw Data'!A7:A17,'Raw Data'!B7:B17) -> Max | E9: =_xlfn.XLOOKUP(A9,'Raw Data'!A7:A17,'Raw Data'!C7:C17) -> Johnson | F9: =_xlfn.XLOOKUP(A9,'Raw Data'!A7:A17,'Raw Data'!D7:D17) -> Support
A10: 5 | B10: 3 | C10: 1 | D10: =_xlfn.XLOOKUP(A10,'Raw Data'!A2:A12,'Raw Data'!B2:B12) -> Chi | E10: =_xlfn.XLOOKUP(A10,'Raw Data'!A2:A12,'Raw Data'!C2:C12) -> Ling | F10: =_xlfn.XLOOKUP(A10,'Raw Data'!A2:A12,'Raw Data'!D2:D12) -> Admin
A11: 4 | B11: 2 | C11: 1 | D11: =_xlfn.XLOOKUP(A11,'Raw Data'!A3:A13,'Raw Data'!B3:B13) -> Chandler | E11: =_xlfn.XLOOKUP(A11,'Raw Data'!A3:A13,'Raw Data'!C3:C13) -> Bing | F11: =_xlfn.XLOOKUP(A11,'Raw Data'!A3:A13,'Raw Data'!D3:D13) -> Cyber
A12: 3 | B12: 2 | C12: 1 | D12: =_xlfn.XLOOKUP(A12,'Raw Data'!A4:A14,'Raw Data'!B4:B14) -> Sherly | E12: =_xlfn.XLOOKUP(A12,'Raw Data'!A4:A14,'Raw Data'!C4:C14) -> Nick | F12: =_xlfn.XLOOKUP(A12,'Raw Data'!A4:A14,'Raw Data'!D4:D14) -> Ecommerece
A13: 2 | B13: 1 | C13: 1 | D13: =_xlfn.XLOOKUP(A13,'Raw Data'!A2:A12,'Raw Data'!B2:B12) -> Sam | E13: =_xlfn.XLOOKUP(A13,'Raw Data'!A2:A12,'Raw Data'!C2:C12) -> Tom | F13: =_xlfn.XLOOKUP(A13,'Raw Data'!A2:A12,'Raw Data'!D2:D12) -> IT
A14: 1 | B14: 1 | C14: 1 | D14: =_xlfn.XLOOKUP(A14,'Raw Data'!A2:A12,'Raw Data'!B2:B12) -> Robert | E14: =_xlfn.XLOOKUP(A14,'Raw Data'!A2:A12,'Raw Data'!C2:C12) -> John | F14: =_xlfn.XLOOKUP(A14,'Raw Data'!A2:A12,'Raw Data'!D2:D12) -> Marketing
A15: Grand Total | B15: 23 | C15: 11
